struktura,operacja,n,liczba_prob,czas_calkowity_ns,sredni_czas_ns
Tablica_nieposortowana,dodawanie,1000,50,5300,106.00
Tablica_nieposortowana,usuwanie,1000,50,103700,2074.00
Tablica_nieposortowana,rozmiar,1000,10000000,37948800,3.79
Tablica_nieposortowana,peek,1000,50000,83727800,1674.56
Tablica_nieposortowana,zmiana_priorytetu,1000,50,19000,380.00
Tablica_nieposortowana,dodawanie,2000,50,4500,90.00
Tablica_nieposortowana,usuwanie,2000,50,102900,2058.00
Tablica_nieposortowana,rozmiar,2000,10000000,36981900,3.70
Tablica_nieposortowana,peek,2000,25000,69724100,2788.96
Tablica_nieposortowana,zmiana_priorytetu,2000,50,28100,562.00
Tablica_nieposortowana,dodawanie,5000,50,3300,66.00
Tablica_nieposortowana,usuwanie,5000,50,190000,3800.00
Tablica_nieposortowana,rozmiar,5000,10000000,35684100,3.57
Tablica_nieposortowana,peek,5000,10000,40132000,4013.20
Tablica_nieposortowana,zmiana_priorytetu,5000,50,58900,1178.00
Tablica_nieposortowana,dodawanie,10000,50,2900,58.00
Tablica_nieposortowana,usuwanie,10000,50,344800,6896.00
Tablica_nieposortowana,rozmiar,10000,10000000,32317500,3.23
Tablica_nieposortowana,peek,10000,5000,33451700,6690.34
Tablica_nieposortowana,zmiana_priorytetu,10000,50,108100,2162.00
Tablica_nieposortowana,dodawanie,20000,50,4200,84.00
Tablica_nieposortowana,usuwanie,20000,50,682900,13658.00
Tablica_nieposortowana,rozmiar,20000,10000000,32986600,3.30
Tablica_nieposortowana,peek,20000,2500,39989900,15995.96
Tablica_nieposortowana,zmiana_priorytetu,20000,50,247100,4942.00
Tablica_nieposortowana,dodawanie,50000,50,4200,84.00
Tablica_nieposortowana,usuwanie,50000,50,2125400,42508.00
Tablica_nieposortowana,rozmiar,50000,10000000,30967400,3.10
Tablica_nieposortowana,peek,50000,1000,37354100,37354.10
Tablica_nieposortowana,zmiana_priorytetu,50000,50,587100,11742.00
Tablica_nieposortowana,dodawanie,100000,50,12100,242.00
Tablica_nieposortowana,usuwanie,100000,50,4048600,80972.00
Tablica_nieposortowana,rozmiar,100000,10000000,30497400,3.05
Tablica_nieposortowana,peek,100000,500,36613800,73227.60
Tablica_nieposortowana,zmiana_priorytetu,100000,50,1835500,36710.00
Tablica_posortowana,dodawanie,1000,50,2800,56.00
Tablica_posortowana,usuwanie,1000,50,2500,50.00
Tablica_posortowana,rozmiar,1000,10000000,25961500,2.60
Tablica_posortowana,peek,1000,50000,109500,2.19
Tablica_posortowana,zmiana_priorytetu,1000,50,16900,338.00
Tablica_posortowana,dodawanie,2000,50,2900,58.00
Tablica_posortowana,usuwanie,2000,50,2500,50.00
Tablica_posortowana,rozmiar,2000,10000000,21855600,2.19
Tablica_posortowana,peek,2000,25000,57800,2.31
Tablica_posortowana,zmiana_priorytetu,2000,50,225200,4504.00
Tablica_posortowana,dodawanie,5000,50,2700,54.00
Tablica_posortowana,usuwanie,5000,50,1900,38.00
Tablica_posortowana,rozmiar,5000,10000000,23320700,2.33
Tablica_posortowana,peek,5000,10000,22100,2.21
Tablica_posortowana,zmiana_priorytetu,5000,50,528200,10564.00
Tablica_posortowana,dodawanie,10000,50,3700,74.00
Tablica_posortowana,usuwanie,10000,50,2400,48.00
Tablica_posortowana,rozmiar,10000,10000000,23447800,2.34
Tablica_posortowana,peek,10000,5000,12800,2.56
Tablica_posortowana,zmiana_priorytetu,10000,50,1064800,21296.00
Tablica_posortowana,dodawanie,20000,50,3300,66.00
Tablica_posortowana,usuwanie,20000,50,2200,44.00
Tablica_posortowana,rozmiar,20000,10000000,22324400,2.23
Tablica_posortowana,peek,20000,2500,7200,2.88
Tablica_posortowana,zmiana_priorytetu,20000,50,2019500,40390.00
Tablica_posortowana,dodawanie,50000,50,5100,102.00
Tablica_posortowana,usuwanie,50000,50,4100,82.00
Tablica_posortowana,rozmiar,50000,10000000,24164800,2.42
Tablica_posortowana,peek,50000,1000,7100,7.10
Tablica_posortowana,zmiana_priorytetu,50000,50,5758200,115164.00
Tablica_posortowana,dodawanie,100000,50,27400,548.00
Tablica_posortowana,usuwanie,100000,50,23500,470.00
Tablica_posortowana,rozmiar,100000,10000000,27747600,2.77
Tablica_posortowana,peek,100000,500,30700,61.40
Tablica_posortowana,zmiana_priorytetu,100000,50,16004400,320088.00
Kopiec_binarny,dodawanie,1000,50,5300,106.00
Kopiec_binarny,usuwanie,1000,50,4700,94.00
Kopiec_binarny,rozmiar,1000,10000000,33666400,3.37
Kopiec_binarny,peek,1000,50000,174000,3.48
Kopiec_binarny,zmiana_priorytetu,1000,50,12000,240.00
Kopiec_binarny,dodawanie,2000,50,5100,102.00
Kopiec_binarny,usuwanie,2000,50,5200,104.00
Kopiec_binarny,rozmiar,2000,10000000,37718300,3.77
Kopiec_binarny,peek,2000,25000,89600,3.58
Kopiec_binarny,zmiana_priorytetu,2000,50,19000,380.00
Kopiec_binarny,dodawanie,5000,50,5500,110.00
Kopiec_binarny,usuwanie,5000,50,6900,138.00
Kopiec_binarny,rozmiar,5000,10000000,41791700,4.18
Kopiec_binarny,peek,5000,10000,47700,4.77
Kopiec_binarny,zmiana_priorytetu,5000,50,68800,1376.00
Kopiec_binarny,dodawanie,10000,50,9300,186.00
Kopiec_binarny,usuwanie,10000,50,9100,182.00
Kopiec_binarny,rozmiar,10000,10000000,38572400,3.86
Kopiec_binarny,peek,10000,5000,20600,4.12
Kopiec_binarny,zmiana_priorytetu,10000,50,75000,1500.00
Kopiec_binarny,dodawanie,20000,50,6400,128.00
Kopiec_binarny,usuwanie,20000,50,6100,122.00
Kopiec_binarny,rozmiar,20000,10000000,32471200,3.25
Kopiec_binarny,peek,20000,2500,9700,3.88
Kopiec_binarny,zmiana_priorytetu,20000,50,123000,2460.00
Kopiec_binarny,dodawanie,50000,50,7500,150.00
Kopiec_binarny,usuwanie,50000,50,7000,140.00
Kopiec_binarny,rozmiar,50000,10000000,31319200,3.13
Kopiec_binarny,peek,50000,1000,12400,12.40
Kopiec_binarny,zmiana_priorytetu,50000,50,417900,8358.00
Kopiec_binarny,dodawanie,100000,50,69400,1388.00
Kopiec_binarny,usuwanie,100000,50,92600,1852.00
Kopiec_binarny,rozmiar,100000,10000000,73049500,7.30
Kopiec_binarny,peek,100000,500,62000,124.00
Kopiec_binarny,zmiana_priorytetu,100000,50,1941700,38834.00
